id,email,full_name,role,avatar_url,phone,created_at,last_login,timezone,language,updated_at,email_verified,status,user_type
b1a1d1e1-0001-4000-8000-000000000001,sophia.martin@harbor.edu,Sophia Martin,student,https://randomuser.me/api/portraits/women/21.jpg,+1-555-123-4567,2023-08-15T09:00:00Z,2024-01-10T12:00:00Z,America/New_York,en-US,2024-01-10T12:00:00Z,true,active,student
b1a1d1e1-0002-4000-8000-000000000002,liam.johnson@harbor.edu,Liam Johnson,student,https://randomuser.me/api/portraits/men/34.jpg,+1-555-234-5678,2023-09-01T10:00:00Z,2024-01-12T14:00:00Z,America/Chicago,en-US,2024-01-12T14:00:00Z,true,active,student
b1a1d1e1-0003-4000-8000-000000000003,olivia.chen@harbor.edu,Olivia Chen,student,https://randomuser.me/api/portraits/women/45.jpg,+1-555-345-6789,2023-09-10T11:00:00Z,2024-01-15T15:00:00Z,America/Los_Angeles,en-US,2024-01-15T15:00:00Z,false,active,student
b1a1d1e1-0004-4000-8000-000000000004,mason.brown@harbor.edu,Mason Brown,student,https://randomuser.me/api/portraits/men/56.jpg,+1-555-456-7890,2023-10-01T12:00:00Z,2024-01-18T16:00:00Z,America/New_York,en-US,2024-01-18T16:00:00Z,false,inactive,student
b1a1d1e1-0005-4000-8000-000000000005,emma.garcia@harbor.edu,Emma Garcia,student,https://randomuser.me/api/portraits/women/67.jpg,+1-555-567-8901,2023-10-15T13:00:00Z,2024-01-20T17:00:00Z,America/Chicago,en-US,2024-01-20T17:00:00Z,true,active,student
b1a1d1e1-1001-4000-8000-000000000101,dr.lucas.evans@harbor.edu,Dr. Lucas Evans,faculty,https://randomuser.me/api/portraits/men/12.jpg,+1-555-678-9012,2022-08-20T08:00:00Z,2024-01-10T09:00:00Z,America/New_York,en-US,2024-01-10T09:00:00Z,true,active,university
b1a1d1e1-1002-4000-8000-000000000102,dr.amelia.singh@harbor.edu,Dr. Amelia Singh,faculty,https://randomuser.me/api/portraits/women/13.jpg,+1-555-789-0123,2022-09-01T08:30:00Z,2024-01-12T10:00:00Z,America/Chicago,en-US,2024-01-12T10:00:00Z,true,active,university
b1a1d1e1-2001-4000-8000-000000000201,admin@harbor.edu,Harbor Admin,admin,https://randomuser.me/api/portraits/men/99.jpg,+1-555-890-1234,2021-01-01T08:00:00Z,2024-01-01T08:00:00Z,America/New_York,en-US,2024-01-01T08:00:00Z,true,active,admin
b1a1d1e1-3001-4000-8000-000000000301,recruiter.smith@techcorp.com,Ava Smith,recruiter,https://randomuser.me/api/portraits/women/88.jpg,+1-555-901-2345,2023-06-01T09:00:00Z,2024-01-10T10:00:00Z,America/Los_Angeles,en-US,2024-01-10T10:00:00Z,true,active,recruiter
b1a1d1e1-4001-4000-8000-000000000401,staff.james@harbor.edu,James Lee,admin_staff,https://randomuser.me/api/portraits/men/77.jpg,+1-555-012-3456,2022-07-01T08:00:00Z,2024-01-10T09:00:00Z,America/New_York,en-US,2024-01-10T09:00:00Z,true,active,university
b1a1d1e1-4002-4000-8000-000000000402,staff.sophia@harbor.edu,Sophia Turner,admin_staff,https://randomuser.me/api/portraits/women/78.jpg,+1-555-123-4571,2022-08-01T08:30:00Z,2024-01-11T09:30:00Z,America/Chicago,en-US,2024-01-11T09:30:00Z,true,active,university
b1a1d1e1-0006-4000-8000-000000000006,noah.kim@harbor.edu,Noah Kim,student,https://randomuser.me/api/portraits/men/22.jpg,+1-555-678-9012,2023-08-20T09:30:00Z,2024-01-11T12:30:00Z,America/New_York,en-US,2024-01-11T12:30:00Z,true,active,student
b1a1d1e1-0007-4000-8000-000000000007,ava.patel@harbor.edu,Ava Patel,student,https://randomuser.me/api/portraits/women/23.jpg,+1-555-789-0123,2023-09-05T10:30:00Z,2024-01-13T14:30:00Z,America/Chicago,en-US,2024-01-13T14:30:00Z,true,active,student
b1a1d1e1-0008-4000-8000-000000000008,william.nguyen@harbor.edu,William Nguyen,student,https://randomuser.me/api/portraits/men/24.jpg,+1-555-890-1234,2023-09-12T11:30:00Z,2024-01-16T15:30:00Z,America/Los_Angeles,en-US,2024-01-16T15:30:00Z,false,active,student
b1a1d1e1-0009-4000-8000-000000000009,mia.hernandez@harbor.edu,Mia Hernandez,student,https://randomuser.me/api/portraits/women/25.jpg,+1-555-901-2345,2023-10-03T12:30:00Z,2024-01-19T16:30:00Z,America/New_York,en-US,2024-01-19T16:30:00Z,false,inactive,student
b1a1d1e1-0010-4000-8000-000000000010,benjamin.smith@harbor.edu,Benjamin Smith,student,https://randomuser.me/api/portraits/men/26.jpg,+1-555-012-3456,2023-10-18T13:30:00Z,2024-01-21T17:30:00Z,America/Chicago,en-US,2024-01-21T17:30:00Z,true,active,student
b1a1d1e1-0011-4000-8000-000000000011,ella.jones@harbor.edu,Ella Jones,student,https://randomuser.me/api/portraits/women/27.jpg,+1-555-123-4568,2023-08-25T09:45:00Z,2024-01-10T12:45:00Z,America/New_York,en-US,2024-01-10T12:45:00Z,true,active,student
b1a1d1e1-0012-4000-8000-000000000012,logan.davis@harbor.edu,Logan Davis,student,https://randomuser.me/api/portraits/men/28.jpg,+1-555-234-5679,2023-09-02T10:45:00Z,2024-01-12T14:45:00Z,America/Chicago,en-US,2024-01-12T14:45:00Z,true,active,student
b1a1d1e1-0013-4000-8000-000000000013,grace.wilson@harbor.edu,Grace Wilson,student,https://randomuser.me/api/portraits/women/29.jpg,+1-555-345-6790,2023-09-11T11:45:00Z,2024-01-15T15:45:00Z,America/Los_Angeles,en-US,2024-01-15T15:45:00Z,false,active,student
b1a1d1e1-0014-4000-8000-000000000014,jackson.moore@harbor.edu,Jackson Moore,student,https://randomuser.me/api/portraits/men/30.jpg,+1-555-456-7891,2023-10-02T12:45:00Z,2024-01-18T16:45:00Z,America/New_York,en-US,2024-01-18T16:45:00Z,false,inactive,student
b1a1d1e1-0015-4000-8000-000000000015,chloe.taylor@harbor.edu,Chloe Taylor,student,https://randomuser.me/api/portraits/women/31.jpg,+1-555-567-8902,2023-10-16T13:45:00Z,2024-01-20T17:45:00Z,America/Chicago,en-US,2024-01-20T17:45:00Z,true,active,student
b1a1d1e1-0016-4000-8000-000000000016,henry.anderson@harbor.edu,Henry Anderson,student,https://randomuser.me/api/portraits/men/32.jpg,+1-555-678-9013,2023-08-30T09:50:00Z,2024-01-11T12:50:00Z,America/New_York,en-US,2024-01-11T12:50:00Z,true,active,student
b1a1d1e1-0017-4000-8000-000000000017,scarlett.thomas@harbor.edu,Scarlett Thomas,student,https://randomuser.me/api/portraits/women/33.jpg,+1-555-789-0124,2023-09-06T10:50:00Z,2024-01-13T14:50:00Z,America/Chicago,en-US,2024-01-13T14:50:00Z,true,active,student
b1a1d1e1-0018-4000-8000-000000000018,sebastian.jackson@harbor.edu,Sebastian Jackson,student,https://randomuser.me/api/portraits/men/34.jpg,+1-555-890-1235,2023-09-13T11:50:00Z,2024-01-16T15:50:00Z,America/Los_Angeles,en-US,2024-01-16T15:50:00Z,false,active,student
b1a1d1e1-0019-4000-8000-000000000019,zoe.white@harbor.edu,Zoe White,student,https://randomuser.me/api/portraits/women/35.jpg,+1-555-901-2346,2023-10-04T12:50:00Z,2024-01-19T16:50:00Z,America/New_York,en-US,2024-01-19T16:50:00Z,false,inactive,student
b1a1d1e1-0020-4000-8000-000000000020,alexander.harris@harbor.edu,Alexander Harris,student,https://randomuser.me/api/portraits/men/36.jpg,+1-555-012-3457,2023-10-19T13:50:00Z,2024-01-21T17:50:00Z,America/Chicago,en-US,2024-01-21T17:50:00Z,true,active,student
b1a1d1e1-0021-4000-8000-000000000021,lucy.martinez@harbor.edu,Lucy Martinez,student,https://randomuser.me/api/portraits/women/37.jpg,+1-555-123-4569,2023-08-28T09:55:00Z,2024-01-10T12:55:00Z,America/New_York,en-US,2024-01-10T12:55:00Z,true,active,student
b1a1d1e1-0022-4000-8000-000000000022,daniel.clark@harbor.edu,Daniel Clark,student,https://randomuser.me/api/portraits/men/38.jpg,+1-555-234-5680,2023-09-03T10:55:00Z,2024-01-12T14:55:00Z,America/Chicago,en-US,2024-01-12T14:55:00Z,true,active,student
b1a1d1e1-0023-4000-8000-000000000023,madison.lewis@harbor.edu,Madison Lewis,student,https://randomuser.me/api/portraits/women/39.jpg,+1-555-345-6791,2023-09-14T11:55:00Z,2024-01-15T15:55:00Z,America/Los_Angeles,en-US,2024-01-15T15:55:00Z,false,active,student
b1a1d1e1-0024-4000-8000-000000000024,logan.walker@harbor.edu,Logan Walker,student,https://randomuser.me/api/portraits/men/40.jpg,+1-555-456-7892,2023-10-05T12:55:00Z,2024-01-18T16:55:00Z,America/New_York,en-US,2024-01-18T16:55:00Z,false,inactive,student
b1a1d1e1-0025-4000-8000-000000000025,harper.hall@harbor.edu,Harper Hall,student,https://randomuser.me/api/portraits/women/41.jpg,+1-555-567-8903,2023-10-20T13:55:00Z,2024-01-20T17:55:00Z,America/Chicago,en-US,2024-01-20T17:55:00Z,true,active,student
b1a1d1e1-0026-4000-8000-000000000026,elijah.allen@harbor.edu,Elijah Allen,student,https://randomuser.me/api/portraits/men/42.jpg,+1-555-678-9014,2023-08-31T10:00:00Z,2024-01-11T13:00:00Z,America/New_York,en-US,2024-01-11T13:00:00Z,true,active,student
b1a1d1e1-0027-4000-8000-000000000027,abigail.young@harbor.edu,Abigail Young,student,https://randomuser.me/api/portraits/women/43.jpg,+1-555-789-0125,2023-09-07T11:00:00Z,2024-01-13T15:00:00Z,America/Chicago,en-US,2024-01-13T15:00:00Z,true,active,student
b1a1d1e1-0028-4000-8000-000000000028,matthew.king@harbor.edu,Matthew King,student,https://randomuser.me/api/portraits/men/44.jpg,+1-555-890-1236,2023-09-15T12:00:00Z,2024-01-16T16:00:00Z,America/Los_Angeles,en-US,2024-01-16T16:00:00Z,false,active,student
b1a1d1e1-0029-4000-8000-000000000029,samantha.scott@harbor.edu,Samantha Scott,student,https://randomuser.me/api/portraits/women/45.jpg,+1-555-901-2347,2023-10-06T13:00:00Z,2024-01-19T17:00:00Z,America/New_York,en-US,2024-01-19T17:00:00Z,false,inactive,student
b1a1d1e1-0030-4000-8000-000000000030,david.green@harbor.edu,David Green,student,https://randomuser.me/api/portraits/men/46.jpg,+1-555-012-3458,2023-10-21T14:00:00Z,2024-01-21T18:00:00Z,America/Chicago,en-US,2024-01-21T18:00:00Z,true,active,student
b1a1d1e1-0031-4000-8000-000000000031,victoria.baker@harbor.edu,Victoria Baker,student,https://randomuser.me/api/portraits/women/47.jpg,+1-555-123-4570,2023-08-29T10:05:00Z,2024-01-10T13:05:00Z,America/New_York,en-US,2024-01-10T13:05:00Z,true,active,student
b1a1d1e1-0032-4000-8000-000000000032,joseph.adams@harbor.edu,Joseph Adams,student,https://randomuser.me/api/portraits/men/48.jpg,+1-555-234-5681,2023-09-04T11:05:00Z,2024-01-12T15:05:00Z,America/Chicago,en-US,2024-01-12T15:05:00Z,true,active,student
b1a1d1e1-0033-4000-8000-000000000033,penelope.campbell@harbor.edu,Penelope Campbell,student,https://randomuser.me/api/portraits/women/49.jpg,+1-555-345-6792,2023-09-16T12:05:00Z,2024-01-15T16:05:00Z,America/Los_Angeles,en-US,2024-01-15T16:05:00Z,false,active,student
b1a1d1e1-0034-4000-8000-000000000034,owen.mitchell@harbor.edu,Owen Mitchell,student,https://randomuser.me/api/portraits/men/50.jpg,+1-555-456-7893,2023-10-07T13:05:00Z,2024-01-18T17:05:00Z,America/New_York,en-US,2024-01-18T17:05:00Z,false,inactive,student
b1a1d1e1-0035-4000-8000-000000000035,lily.carter@harbor.edu,Lily Carter,student,https://randomuser.me/api/portraits/women/51.jpg,+1-555-567-8904,2023-10-22T14:05:00Z,2024-01-20T18:05:00Z,America/Chicago,en-US,2024-01-20T18:05:00Z,true,active,student
b1a1d1e1-0036-4000-8000-000000000036,samuel.parker@harbor.edu,Samuel Parker,student,https://randomuser.me/api/portraits/men/52.jpg,+1-555-678-9015,2023-09-01T10:10:00Z,2024-01-11T13:10:00Z,America/New_York,en-US,2024-01-11T13:10:00Z,true,active,student
b1a1d1e1-0037-4000-8000-000000000037,hannah.evans@harbor.edu,Hannah Evans,student,https://randomuser.me/api/portraits/women/53.jpg,+1-555-789-0126,2023-09-08T11:10:00Z,2024-01-13T15:10:00Z,America/Chicago,en-US,2024-01-13T15:10:00Z,true,active,student
b1a1d1e1-0038-4000-8000-000000000038,jackson.morris@harbor.edu,Jackson Morris,student,https://randomuser.me/api/portraits/men/54.jpg,+1-555-890-1237,2023-09-17T12:10:00Z,2024-01-16T16:10:00Z,America/Los_Angeles,en-US,2024-01-16T16:10:00Z,false,active,student
b1a1d1e1-0039-4000-8000-000000000039,natalie.rogers@harbor.edu,Natalie Rogers,student,https://randomuser.me/api/portraits/women/55.jpg,+1-555-901-2348,2023-10-08T13:10:00Z,2024-01-19T17:10:00Z,America/New_York,en-US,2024-01-19T17:10:00Z,false,inactive,student
b1a1d1e1-0040-4000-8000-000000000040,aiden.reed@harbor.edu,Aiden Reed,student,https://randomuser.me/api/portraits/men/56.jpg,+1-555-012-3459,2023-10-23T14:10:00Z,2024-01-21T18:10:00Z,America/Chicago,en-US,2024-01-21T18:10:00Z,true,active,student
b1a1d1e1-0041-4000-8000-000000000041,zoey.morris@harbor.edu,Zoey Morris,student,https://randomuser.me/api/portraits/women/57.jpg,+1-555-123-4572,2023-08-26T09:15:00Z,2024-01-10T13:15:00Z,America/New_York,en-US,2024-01-10T13:15:00Z,true,active,student
b1a1d1e1-0042-4000-8000-000000000042,carter.bennett@harbor.edu,Carter Bennett,student,https://randomuser.me/api/portraits/men/58.jpg,+1-555-234-5682,2023-09-09T10:15:00Z,2024-01-12T15:15:00Z,America/Chicago,en-US,2024-01-12T15:15:00Z,true,active,student
b1a1d1e1-0043-4000-8000-000000000043,nora.hughes@harbor.edu,Nora Hughes,student,https://randomuser.me/api/portraits/women/59.jpg,+1-555-345-6793,2023-09-18T11:15:00Z,2024-01-15T16:15:00Z,America/Los_Angeles,en-US,2024-01-15T16:15:00Z,false,active,student
b1a1d1e1-0044-4000-8000-000000000044,julian.ward@harbor.edu,Julian Ward,student,https://randomuser.me/api/portraits/men/60.jpg,+1-555-456-7894,2023-10-09T12:15:00Z,2024-01-18T17:15:00Z,America/New_York,en-US,2024-01-18T17:15:00Z,false,inactive,student
b1a1d1e1-0045-4000-8000-000000000045,savannah.brooks@harbor.edu,Savannah Brooks,student,https://randomuser.me/api/portraits/women/61.jpg,+1-555-567-8905,2023-10-24T13:15:00Z,2024-01-20T18:15:00Z,America/Chicago,en-US,2024-01-20T18:15:00Z,true,active,student
b1a1d1e1-0046-4000-8000-000000000046,wyatt.wood@harbor.edu,Wyatt Wood,student,https://randomuser.me/api/portraits/men/62.jpg,+1-555-678-9016,2023-09-19T10:20:00Z,2024-01-11T13:20:00Z,America/New_York,en-US,2024-01-11T13:20:00Z,true,active,student
b1a1d1e1-0047-4000-8000-000000000047,leah.bell@harbor.edu,Leah Bell,student,https://randomuser.me/api/portraits/women/63.jpg,+1-555-789-0127,2023-09-20T11:20:00Z,2024-01-13T15:20:00Z,America/Chicago,en-US,2024-01-13T15:20:00Z,true,active,student
b1a1d1e1-0048-4000-8000-000000000048,isaac.cook@harbor.edu,Isaac Cook,student,https://randomuser.me/api/portraits/men/64.jpg,+1-555-890-1238,2023-09-21T12:20:00Z,2024-01-16T16:20:00Z,America/Los_Angeles,en-US,2024-01-16T16:20:00Z,false,active,student
b1a1d1e1-0049-4000-8000-000000000049,audrey.bailey@harbor.edu,Audrey Bailey,student,https://randomuser.me/api/portraits/women/65.jpg,+1-555-901-2349,2023-10-10T13:20:00Z,2024-01-19T17:20:00Z,America/New_York,en-US,2024-01-19T17:20:00Z,false,inactive,student
b1a1d1e1-0050-4000-8000-000000000050,gabriel.rivera@harbor.edu,Gabriel Rivera,student,https://randomuser.me/api/portraits/men/66.jpg,+1-555-012-3460,2023-10-25T14:20:00Z,2024-01-21T18:20:00Z,America/Chicago,en-US,2024-01-21T18:20:00Z,true,active,student
b1a1d1e1-1003-4000-8000-000000000103,dr.ethan.murphy@harbor.edu,Dr. Ethan Murphy,faculty,https://randomuser.me/api/portraits/men/14.jpg,+1-555-678-9017,2022-10-01T08:00:00Z,2024-01-15T09:00:00Z,America/New_York,en-US,2024-01-15T09:00:00Z,true,active,university
b1a1d1e1-1004-4000-8000-000000000104,dr.sophia.ramirez@harbor.edu,Dr. Sophia Ramirez,faculty,https://randomuser.me/api/portraits/women/15.jpg,+1-555-789-0128,2022-11-01T08:30:00Z,2024-01-16T10:00:00Z,America/Chicago,en-US,2024-01-16T10:00:00Z,true,active,university
b1a1d1e1-1005-4000-8000-000000000105,dr.michael.kumar@harbor.edu,Dr. Michael Kumar,faculty,https://randomuser.me/api/portraits/men/16.jpg,+1-555-890-1239,2022-12-01T08:45:00Z,2024-01-17T11:00:00Z,America/Los_Angeles,en-US,2024-01-17T11:00:00Z,true,active,university
b1a1d1e1-1006-4000-8000-000000000106,dr.jennifer.lee@harbor.edu,Dr. Jennifer Lee,faculty,https://randomuser.me/api/portraits/women/17.jpg,+1-555-234-5671,2023-01-01T08:00:00Z,2024-01-18T09:00:00Z,America/New_York,en-US,2024-01-18T09:00:00Z,true,active,university
b1a1d1e1-1007-4000-8000-000000000107,dr.robert.williams@harbor.edu,Dr. Robert Williams,faculty,https://randomuser.me/api/portraits/men/18.jpg,+1-555-345-6782,2023-02-01T08:00:00Z,2024-01-19T09:00:00Z,America/Chicago,en-US,2024-01-19T09:00:00Z,true,active,university
b1a1d1e1-1008-4000-8000-000000000108,dr.patricia.garcia@harbor.edu,Dr. Patricia Garcia,faculty,https://randomuser.me/api/portraits/women/19.jpg,+1-555-456-7893,2023-03-01T08:00:00Z,2024-01-20T09:00:00Z,America/Los_Angeles,en-US,2024-01-20T09:00:00Z,true,active,university
b1a1d1e1-1009-4000-8000-000000000109,dr.david.martinez@harbor.edu,Dr. David Martinez,faculty,https://randomuser.me/api/portraits/men/20.jpg,+1-555-567-8904,2023-04-01T08:00:00Z,2024-01-21T09:00:00Z,America/New_York,en-US,2024-01-21T09:00:00Z,true,active,university
b1a1d1e1-1010-4000-8000-000000000110,dr.maria.rodriguez@harbor.edu,Dr. Maria Rodriguez,faculty,https://randomuser.me/api/portraits/women/21.jpg,+1-555-678-9015,2023-05-01T08:00:00Z,2024-01-22T09:00:00Z,America/Chicago,en-US,2024-01-22T09:00:00Z,true,active,university
b1a1d1e1-1011-4000-8000-000000000111,dr.james.anderson@harbor.edu,Dr. James Anderson,faculty,https://randomuser.me/api/portraits/men/22.jpg,+1-555-789-0126,2023-06-01T08:00:00Z,2024-01-23T09:00:00Z,America/Los_Angeles,en-US,2024-01-23T09:00:00Z,true,active,university
b1a1d1e1-1012-4000-8000-000000000112,dr.linda.thomas@harbor.edu,Dr. Linda Thomas,faculty,https://randomuser.me/api/portraits/women/23.jpg,+1-555-890-1238,2023-07-01T08:00:00Z,2024-01-24T09:00:00Z,America/New_York,en-US,2024-01-24T09:00:00Z,true,active,university
b1a1d1e1-1013-4000-8000-000000000113,dr.michael.taylor@harbor.edu,Dr. Michael Taylor,faculty,https://randomuser.me/api/portraits/men/24.jpg,+1-555-901-2349,2023-08-01T08:00:00Z,2024-01-25T09:00:00Z,America/Chicago,en-US,2024-01-25T09:00:00Z,true,active,university
b1a1d1e1-1014-4000-8000-000000000114,dr.barbara.moore@harbor.edu,Dr. Barbara Moore,faculty,https://randomuser.me/api/portraits/women/25.jpg,+1-555-012-3460,2023-09-01T08:00:00Z,2025-01-01T09:00:00Z,America/Los_Angeles,en-US,2025-01-01T09:00:00Z,true,active,university
b1a1d1e1-1015-4000-8000-000000000115,dr.richard.jackson@harbor.edu,Dr. Richard Jackson,faculty,https://randomuser.me/api/portraits/men/26.jpg,+1-555-123-4571,2023-10-01T08:00:00Z,2025-01-02T09:00:00Z,America/New_York,en-US,2025-01-02T09:00:00Z,true,active,university
b1a1d1e1-1016-4000-8000-000000000116,dr.susan.martin@harbor.edu,Dr. Susan Martin,faculty,https://randomuser.me/api/portraits/women/27.jpg,+1-555-234-5682,2023-11-01T08:00:00Z,2025-01-03T09:00:00Z,America/Chicago,en-US,2025-01-03T09:00:00Z,true,active,university
b1a1d1e1-1017-4000-8000-000000000117,dr.charles.lee@harbor.edu,Dr. Charles Lee,faculty,https://randomuser.me/api/portraits/men/28.jpg,+1-555-345-6793,2023-12-01T08:00:00Z,2025-01-04T09:00:00Z,America/Los_Angeles,en-US,2025-01-04T09:00:00Z,true,active,university
b1a1d1e1-1018-4000-8000-000000000118,dr.karen.perez@harbor.edu,Dr. Karen Perez,faculty,https://randomuser.me/api/portraits/women/29.jpg,+1-555-456-7804,2024-01-01T08:00:00Z,2025-01-05T09:00:00Z,America/New_York,en-US,2025-01-05T09:00:00Z,true,active,university
b1a1d1e1-1019-4000-8000-000000000119,dr.joseph.white@harbor.edu,Dr. Joseph White,faculty,https://randomuser.me/api/portraits/men/30.jpg,+1-555-567-8915,2024-02-01T08:00:00Z,2025-01-06T09:00:00Z,America/Chicago,en-US,2025-01-06T09:00:00Z,true,active,university
b1a1d1e1-1020-4000-8000-000000000120,dr.nancy.harris@harbor.edu,Dr. Nancy Harris,faculty,https://randomuser.me/api/portraits/women/31.jpg,+1-555-678-9026,2024-03-01T08:00:00Z,2025-01-07T09:00:00Z,America/Los_Angeles,en-US,2025-01-07T09:00:00Z,true,active,university
b1a1d1e1-1021-4000-8000-000000000121,dr.thomas.sanchez@harbor.edu,Dr. Thomas Sanchez,faculty,https://randomuser.me/api/portraits/men/32.jpg,+1-555-789-0137,2024-04-01T08:00:00Z,2025-01-08T09:00:00Z,America/New_York,en-US,2025-01-08T09:00:00Z,true,active,university
b1a1d1e1-1022-4000-8000-000000000122,dr.lisa.clark@harbor.edu,Dr. Lisa Clark,faculty,https://randomuser.me/api/portraits/women/33.jpg,+1-555-890-1248,2024-05-01T08:00:00Z,2025-01-09T09:00:00Z,America/Chicago,en-US,2025-01-09T09:00:00Z,true,active,university
b1a1d1e1-1023-4000-8000-000000000123,dr.paul.ramirez@harbor.edu,Dr. Paul Ramirez,faculty,https://randomuser.me/api/portraits/men/34.jpg,+1-555-901-2359,2024-06-01T08:00:00Z,2025-01-10T09:00:00Z,America/Los_Angeles,en-US,2025-01-10T09:00:00Z,true,active,university
b1a1d1e1-1024-4000-8000-000000000124,dr.donna.lewis@harbor.edu,Dr. Donna Lewis,faculty,https://randomuser.me/api/portraits/women/35.jpg,+1-555-012-3470,2024-07-01T08:00:00Z,2025-01-11T09:00:00Z,America/New_York,en-US,2025-01-11T09:00:00Z,true,active,university
b1a1d1e1-1025-4000-8000-000000000125,dr.mark.robinson@harbor.edu,Dr. Mark Robinson,faculty,https://randomuser.me/api/portraits/men/36.jpg,+1-555-123-4581,2024-08-01T08:00:00Z,2025-01-12T09:00:00Z,America/Chicago,en-US,2025-01-12T09:00:00Z,true,active,university
b1a1d1e1-1026-4000-8000-000000000126,dr.carol.walker@harbor.edu,Dr. Carol Walker,faculty,https://randomuser.me/api/portraits/women/37.jpg,+1-555-234-5692,2024-09-01T08:00:00Z,2025-01-13T09:00:00Z,America/Los_Angeles,en-US,2025-01-13T09:00:00Z,true,active,university
b1a1d1e1-1027-4000-8000-000000000127,dr.steven.hall@harbor.edu,Dr. Steven Hall,faculty,https://randomuser.me/api/portraits/men/38.jpg,+1-555-345-6803,2024-10-01T08:00:00Z,2025-01-14T09:00:00Z,America/New_York,en-US,2025-01-14T09:00:00Z,true,active,university
b1a1d1e1-1028-4000-8000-000000000128,dr.michelle.allen@harbor.edu,Dr. Michelle Allen,faculty,https://randomuser.me/api/portraits/women/39.jpg,+1-555-456-7914,2024-11-01T08:00:00Z,2025-01-15T09:00:00Z,America/Chicago,en-US,2025-01-15T09:00:00Z,true,active,university
b1a1d1e1-1029-4000-8000-000000000129,dr.kevin.young@harbor.edu,Dr. Kevin Young,faculty,https://randomuser.me/api/portraits/men/40.jpg,+1-555-567-8925,2024-12-01T08:00:00Z,2025-01-16T09:00:00Z,America/Los_Angeles,en-US,2025-01-16T09:00:00Z,true,active,university
b1a1d1e1-1030-4000-8000-000000000130,dr.sarah.hernandez@harbor.edu,Dr. Sarah Hernandez,faculty,https://randomuser.me/api/portraits/women/41.jpg,+1-555-678-9036,2025-01-01T08:00:00Z,2025-01-17T09:00:00Z,America/New_York,en-US,2025-01-17T09:00:00Z,true,active,university
b1a1d1e1-1031-4000-8000-000000000131,dr.daniel.king@harbor.edu,Dr. Daniel King,faculty,https://randomuser.me/api/portraits/men/42.jpg,+1-555-789-0147,2025-02-01T08:00:00Z,2025-01-18T09:00:00Z,America/Chicago,en-US,2025-01-18T09:00:00Z,true,active,university
b1a1d1e1-1032-4000-8000-000000000132,dr.betty.wright@harbor.edu,Dr. Betty Wright,faculty,https://randomuser.me/api/portraits/women/43.jpg,+1-555-890-1258,2025-03-01T08:00:00Z,2025-01-19T09:00:00Z,America/Los_Angeles,en-US,2025-01-19T09:00:00Z,true,active,university
b1a1d1e1-1033-4000-8000-000000000133,dr.matthew.lopez@harbor.edu,Dr. Matthew Lopez,faculty,https://randomuser.me/api/portraits/men/44.jpg,+1-555-901-2369,2025-04-01T08:00:00Z,2025-01-20T09:00:00Z,America/New_York,en-US,2025-01-20T09:00:00Z,true,active,university
b1a1d1e1-1034-4000-8000-000000000134,dr.dorothy.hill@harbor.edu,Dr. Dorothy Hill,faculty,https://randomuser.me/api/portraits/women/45.jpg,+1-555-012-3480,2025-05-01T08:00:00Z,2025-01-21T09:00:00Z,America/Chicago,en-US,2025-01-21T09:00:00Z,true,active,university
b1a1d1e1-1035-4000-8000-000000000135,dr.gary.scott@harbor.edu,Dr. Gary Scott,faculty,https://randomuser.me/api/portraits/men/46.jpg,+1-555-123-4591,2025-06-01T08:00:00Z,2025-01-22T09:00:00Z,America/Los_Angeles,en-US,2025-01-22T09:00:00Z,true,active,university
b1a1d1e1-1036-4000-8000-000000000136,dr.sandra.green@harbor.edu,Dr. Sandra Green,faculty,https://randomuser.me/api/portraits/women/47.jpg,+1-555-234-5702,2025-07-01T08:00:00Z,2025-01-23T09:00:00Z,America/New_York,en-US,2025-01-23T09:00:00Z,true,active,university
b1a1d1e1-1037-4000-8000-000000000137,dr.anthony.adams@harbor.edu,Dr. Anthony Adams,faculty,https://randomuser.me/api/portraits/men/48.jpg,+1-555-345-6813,2025-08-01T08:00:00Z,2025-01-24T09:00:00Z,America/Chicago,en-US,2025-01-24T09:00:00Z,true,active,university
b1a1d1e1-1038-4000-8000-000000000138,dr.ashley.baker@harbor.edu,Dr. Ashley Baker,faculty,https://randomuser.me/api/portraits/women/49.jpg,+1-555-456-7924,2025-09-01T08:00:00Z,2025-01-25T09:00:00Z,America/Los_Angeles,en-US,2025-01-25T09:00:00Z,true,active,university
b1a1d1e1-1039-4000-8000-000000000139,dr.joshua.gonzalez@harbor.edu,Dr. Joshua Gonzalez,faculty,https://randomuser.me/api/portraits/men/50.jpg,+1-555-567-8935,2025-10-01T08:00:00Z,2025-01-26T09:00:00Z,America/New_York,en-US,2025-01-26T09:00:00Z,true,active,university
b1a1d1e1-1040-4000-8000-000000000140,dr.kimberly.nelson@harbor.edu,Dr. Kimberly Nelson,faculty,https://randomuser.me/api/portraits/women/51.jpg,+1-555-678-9046,2025-11-01T08:00:00Z,2025-01-27T09:00:00Z,America/Chicago,en-US,2025-01-27T09:00:00Z,true,active,university
b1a1d1e1-1041-4000-8000-000000000141,dr.brian.carter@harbor.edu,Dr. Brian Carter,faculty,https://randomuser.me/api/portraits/men/52.jpg,+1-555-789-0157,2025-12-01T08:00:00Z,2025-01-28T09:00:00Z,America/Los_Angeles,en-US,2025-01-28T09:00:00Z,true,active,university
b1a1d1e1-1042-4000-8000-000000000142,dr.amy.mitchell@harbor.edu,Dr. Amy Mitchell,faculty,https://randomuser.me/api/portraits/women/53.jpg,+1-555-890-1268,2026-01-01T08:00:00Z,2026-01-10T09:00:00Z,America/New_York,en-US,2026-01-10T09:00:00Z,true,active,university
b1a1d1e1-1043-4000-8000-000000000143,dr.ryan.perez@harbor.edu,Dr. Ryan Perez,faculty,https://randomuser.me/api/portraits/men/54.jpg,+1-555-901-2379,2026-01-05T08:00:00Z,2026-01-11T09:00:00Z,America/Chicago,en-US,2026-01-11T09:00:00Z,true,active,university
b1a1d1e1-1044-4000-8000-000000000144,dr.melissa.roberts@harbor.edu,Dr. Melissa Roberts,faculty,https://randomuser.me/api/portraits/women/55.jpg,+1-555-012-3490,2026-01-10T08:00:00Z,2026-01-12T09:00:00Z,America/Los_Angeles,en-US,2026-01-12T09:00:00Z,true,active,university
b1a1d1e1-1045-4000-8000-000000000145,dr.jeffrey.turner@harbor.edu,Dr. Jeffrey Turner,faculty,https://randomuser.me/api/portraits/men/56.jpg,+1-555-123-4601,2026-01-12T08:00:00Z,2026-01-13T09:00:00Z,America/New_York,en-US,2026-01-13T09:00:00Z,true,active,university
b1a1d1e1-1046-4000-8000-000000000146,dr.brenda.phillips@harbor.edu,Dr. Brenda Phillips,faculty,https://randomuser.me/api/portraits/women/57.jpg,+1-555-234-5712,2026-01-14T08:00:00Z,2026-01-14T09:00:00Z,America/Chicago,en-US,2026-01-14T09:00:00Z,true,active,university
b1a1d1e1-1047-4000-8000-000000000147,dr.jacob.campbell@harbor.edu,Dr. Jacob Campbell,faculty,https://randomuser.me/api/portraits/men/58.jpg,+1-555-345-6823,2026-01-15T08:00:00Z,2026-01-15T09:00:00Z,America/Los_Angeles,en-US,2026-01-15T09:00:00Z,true,active,university
b1a1d1e1-1048-4000-8000-000000000148,dr.anna.parker@harbor.edu,Dr. Anna Parker,faculty,https://randomuser.me/api/portraits/women/59.jpg,+1-555-456-7934,2026-01-16T08:00:00Z,2026-01-16T09:00:00Z,America/New_York,en-US,2026-01-16T09:00:00Z,true,active,university
b1a1d1e1-1049-4000-8000-000000000149,dr.nicholas.evans@harbor.edu,Dr. Nicholas Evans,faculty,https://randomuser.me/api/portraits/men/60.jpg,+1-555-567-8945,2026-01-17T08:00:00Z,2026-01-17T09:00:00Z,America/Chicago,en-US,2026-01-17T09:00:00Z,true,active,university
b1a1d1e1-1050-4000-8000-000000000150,dr.rebecca.edwards@harbor.edu,Dr. Rebecca Edwards,faculty,https://randomuser.me/api/portraits/women/61.jpg,+1-555-678-9056,2026-01-18T08:00:00Z,2026-01-18T09:00:00Z,America/Los_Angeles,en-US,2026-01-18T09:00:00Z,true,active,university
b1a1d1e1-2002-4000-8000-000000000202,admin2@harbor.edu,Harbor Admin 2,admin,https://randomuser.me/api/portraits/women/100.jpg,+1-555-890-1235,2021-02-01T08:00:00Z,2024-01-02T08:00:00Z,America/New_York,en-US,2024-01-02T08:00:00Z,true,active,admin
b1a1d1e1-3002-4000-8000-000000000302,recruiter.jones@innovate.com,Ethan Jones,recruiter,https://randomuser.me/api/portraits/men/89.jpg,+1-555-901-2350,2023-07-01T09:00:00Z,2024-01-11T10:00:00Z,America/Chicago,en-US,2024-01-11T10:00:00Z,true,active,recruiter
b1a1d1e1-3003-4000-8000-000000000303,sarah.miller@dataworks.com,Sarah Miller,recruiter,https://randomuser.me/api/portraits/women/90.jpg,+1-555-234-5673,2023-07-15T09:00:00Z,2024-01-12T10:00:00Z,America/New_York,en-US,2024-01-12T10:00:00Z,true,active,recruiter
b1a1d1e1-3004-4000-8000-000000000304,michael.davis@cloudnet.com,Michael Davis,recruiter,https://randomuser.me/api/portraits/men/91.jpg,+1-555-345-6784,2023-08-01T09:00:00Z,2024-01-13T10:00:00Z,America/Chicago,en-US,2024-01-13T10:00:00Z,true,active,recruiter
b1a1d1e1-3005-4000-8000-000000000305,jessica.wilson@finedge.com,Jessica Wilson,recruiter,https://randomuser.me/api/portraits/women/92.jpg,+1-555-456-7895,2023-08-15T09:00:00Z,2024-01-14T10:00:00Z,America/Los_Angeles,en-US,2024-01-14T10:00:00Z,true,active,recruiter
b1a1d1e1-3006-4000-8000-000000000306,david.moore@edunext.com,David Moore,recruiter,https://randomuser.me/api/portraits/men/93.jpg,+1-555-567-8906,2023-09-01T09:00:00Z,2024-01-15T10:00:00Z,America/New_York,en-US,2024-01-15T10:00:00Z,true,active,recruiter
b1a1d1e1-3007-4000-8000-000000000307,emily.taylor@healthplus.com,Emily Taylor,recruiter,https://randomuser.me/api/portraits/women/94.jpg,+1-555-678-9017,2023-09-15T09:00:00Z,2024-01-16T10:00:00Z,America/Chicago,en-US,2024-01-16T10:00:00Z,true,active,recruiter
b1a1d1e1-3008-4000-8000-000000000308,james.anderson@greentech.com,James Anderson,recruiter,https://randomuser.me/api/portraits/men/95.jpg,+1-555-789-0128,2023-10-01T09:00:00Z,2024-01-17T10:00:00Z,America/Los_Angeles,en-US,2024-01-17T10:00:00Z,true,active,recruiter
b1a1d1e1-3009-4000-8000-000000000309,jennifer.thomas@retailhub.com,Jennifer Thomas,recruiter,https://randomuser.me/api/portraits/women/96.jpg,+1-555-890-1239,2023-10-15T09:00:00Z,2024-01-18T10:00:00Z,America/New_York,en-US,2024-01-18T10:00:00Z,true,active,recruiter
b1a1d1e1-3010-4000-8000-000000000310,robert.jackson@mediaco.com,Robert Jackson,recruiter,https://randomuser.me/api/portraits/men/97.jpg,+1-555-901-2340,2023-11-01T09:00:00Z,2024-01-19T10:00:00Z,America/Chicago,en-US,2024-01-19T10:00:00Z,true,active,recruiter
b1a1d1e1-3011-4000-8000-000000000311,linda.white@bankplus.com,Linda White,recruiter,https://randomuser.me/api/portraits/women/98.jpg,+1-555-012-3451,2023-11-15T09:00:00Z,2024-01-20T10:00:00Z,America/Los_Angeles,en-US,2024-01-20T10:00:00Z,true,active,recruiter
b1a1d1e1-3012-4000-8000-000000000312,william.harris@autodrive.com,William Harris,recruiter,https://randomuser.me/api/portraits/men/99.jpg,+1-555-123-4562,2023-12-01T09:00:00Z,2024-01-21T10:00:00Z,America/New_York,en-US,2024-01-21T10:00:00Z,true,active,recruiter
b1a1d1e1-3013-4000-8000-000000000313,mary.martin@foodnet.com,Mary Martin,recruiter,https://randomuser.me/api/portraits/women/101.jpg,+1-555-234-5674,2023-12-15T09:00:00Z,2024-01-22T10:00:00Z,America/Chicago,en-US,2024-01-22T10:00:00Z,true,active,recruiter
b1a1d1e1-3014-4000-8000-000000000314,charles.thompson@travelzone.com,Charles Thompson,recruiter,https://randomuser.me/api/portraits/men/102.jpg,+1-555-345-6785,2024-01-01T09:00:00Z,2024-01-23T10:00:00Z,America/Los_Angeles,en-US,2024-01-23T10:00:00Z,true,active,recruiter
b1a1d1e1-3015-4000-8000-000000000315,patricia.garcia@gamestudio.com,Patricia Garcia,recruiter,https://randomuser.me/api/portraits/women/103.jpg,+1-555-456-7896,2024-01-15T09:00:00Z,2024-01-24T10:00:00Z,America/New_York,en-US,2024-01-24T10:00:00Z,true,active,recruiter
b1a1d1e1-3016-4000-8000-000000000316,thomas.martinez@sportstech.com,Thomas Martinez,recruiter,https://randomuser.me/api/portraits/men/104.jpg,+1-555-567-8907,2024-02-01T09:00:00Z,2024-01-25T10:00:00Z,America/Chicago,en-US,2024-01-25T10:00:00Z,true,active,recruiter
b1a1d1e1-3017-4000-8000-000000000317,barbara.robinson@fashionhub.com,Barbara Robinson,recruiter,https://randomuser.me/api/portraits/women/105.jpg,+1-555-678-9018,2024-02-15T09:00:00Z,2024-01-26T10:00:00Z,America/Los_Angeles,en-US,2024-01-26T10:00:00Z,true,active,recruiter
b1a1d1e1-3018-4000-8000-000000000318,daniel.clark@proptech.com,Daniel Clark,recruiter,https://randomuser.me/api/portraits/men/106.jpg,+1-555-789-0129,2024-03-01T09:00:00Z,2024-01-27T10:00:00Z,America/New_York,en-US,2024-01-27T10:00:00Z,true,active,recruiter
b1a1d1e1-3019-4000-8000-000000000319,nancy.rodriguez@legalease.com,Nancy Rodriguez,recruiter,https://randomuser.me/api/portraits/women/107.jpg,+1-555-890-1240,2024-03-15T09:00:00Z,2024-01-28T10:00:00Z,America/Chicago,en-US,2024-01-28T10:00:00Z,true,active,recruiter
b1a1d1e1-3020-4000-8000-000000000320,paul.lewis@consultpro.com,Paul Lewis,recruiter,https://randomuser.me/api/portraits/men/108.jpg,+1-555-901-2351,2024-04-01T09:00:00Z,2024-01-29T10:00:00Z,America/Los_Angeles,en-US,2024-01-29T10:00:00Z,true,active,recruiter
b1a1d1e1-3021-4000-8000-000000000321,karen.lee@secureit.com,Karen Lee,recruiter,https://randomuser.me/api/portraits/women/109.jpg,+1-555-012-3462,2024-04-15T09:00:00Z,2024-01-30T10:00:00Z,America/New_York,en-US,2024-01-30T10:00:00Z,true,active,recruiter
b1a1d1e1-3022-4000-8000-000000000322,mark.walker@aerospace.com,Mark Walker,recruiter,https://randomuser.me/api/portraits/men/110.jpg,+1-555-123-4563,2024-05-01T09:00:00Z,2024-02-01T10:00:00Z,America/Chicago,en-US,2024-02-01T10:00:00Z,true,active,recruiter
b1a1d1e1-3023-4000-8000-000000000323,susan.hall@biomed.com,Susan Hall,recruiter,https://randomuser.me/api/portraits/women/111.jpg,+1-555-234-5675,2024-05-15T09:00:00Z,2024-02-02T10:00:00Z,America/Los_Angeles,en-US,2024-02-02T10:00:00Z,true,active,recruiter
b1a1d1e1-3024-4000-8000-000000000324,steven.allen@chemlab.com,Steven Allen,recruiter,https://randomuser.me/api/portraits/men/112.jpg,+1-555-345-6786,2024-06-01T09:00:00Z,2024-02-03T10:00:00Z,America/New_York,en-US,2024-02-03T10:00:00Z,true,active,recruiter
b1a1d1e1-3025-4000-8000-000000000325,donna.young@pharmaco.com,Donna Young,recruiter,https://randomuser.me/api/portraits/women/113.jpg,+1-555-456-7897,2024-06-15T09:00:00Z,2024-02-04T10:00:00Z,America/Chicago,en-US,2024-02-04T10:00:00Z,true,active,recruiter
b1a1d1e1-3026-4000-8000-000000000326,christopher.hernandez@energyworks.com,Christopher Hernandez,recruiter,https://randomuser.me/api/portraits/men/114.jpg,+1-555-567-8908,2024-07-01T09:00:00Z,2024-02-05T10:00:00Z,America/Los_Angeles,en-US,2024-02-05T10:00:00Z,true,active,recruiter
b1a1d1e1-3027-4000-8000-000000000327,carol.king@watertech.com,Carol King,recruiter,https://randomuser.me/api/portraits/women/115.jpg,+1-555-678-9019,2024-07-15T09:00:00Z,2024-02-06T10:00:00Z,America/New_York,en-US,2024-02-06T10:00:00Z,true,active,recruiter
b1a1d1e1-3028-4000-8000-000000000328,matthew.wright@electrogrid.com,Matthew Wright,recruiter,https://randomuser.me/api/portraits/men/116.jpg,+1-555-789-0130,2024-08-01T09:00:00Z,2024-02-07T10:00:00Z,America/Chicago,en-US,2024-02-07T10:00:00Z,true,active,recruiter
b1a1d1e1-3029-4000-8000-000000000329,betty.lopez@roboticsco.com,Betty Lopez,recruiter,https://randomuser.me/api/portraits/women/117.jpg,+1-555-890-1241,2024-08-15T09:00:00Z,2024-02-08T10:00:00Z,America/Los_Angeles,en-US,2024-02-08T10:00:00Z,true,active,recruiter
b1a1d1e1-3030-4000-8000-000000000330,anthony.hill@ailabs.com,Anthony Hill,recruiter,https://randomuser.me/api/portraits/men/118.jpg,+1-555-901-2352,2024-09-01T09:00:00Z,2024-02-09T10:00:00Z,America/New_York,en-US,2024-02-09T10:00:00Z,true,active,recruiter
b1a1d1e1-3031-4000-8000-000000000331,lisa.scott@datascience.com,Lisa Scott,recruiter,https://randomuser.me/api/portraits/women/119.jpg,+1-555-012-3463,2024-09-15T09:00:00Z,2024-02-10T10:00:00Z,America/Chicago,en-US,2024-02-10T10:00:00Z,true,active,recruiter
b1a1d1e1-3032-4000-8000-000000000332,kevin.green@cybersec.com,Kevin Green,recruiter,https://randomuser.me/api/portraits/men/120.jpg,+1-555-123-4564,2024-10-01T09:00:00Z,2024-02-11T10:00:00Z,America/Los_Angeles,en-US,2024-02-11T10:00:00Z,true,active,recruiter
b1a1d1e1-3033-4000-8000-000000000333,michelle.adams@networkpro.com,Michelle Adams,recruiter,https://randomuser.me/api/portraits/women/121.jpg,+1-555-234-5676,2024-10-15T09:00:00Z,2024-02-12T10:00:00Z,America/New_York,en-US,2024-02-12T10:00:00Z,true,active,recruiter
b1a1d1e1-3034-4000-8000-000000000334,brian.baker@cloudsys.com,Brian Baker,recruiter,https://randomuser.me/api/portraits/men/122.jpg,+1-555-345-6787,2024-11-01T09:00:00Z,2024-02-13T10:00:00Z,America/Chicago,en-US,2024-02-13T10:00:00Z,true,active,recruiter
b1a1d1e1-3035-4000-8000-000000000335,kimberly.gonzalez@devopshub.com,Kimberly Gonzalez,recruiter,https://randomuser.me/api/portraits/women/123.jpg,+1-555-456-7898,2024-11-15T09:00:00Z,2024-02-14T10:00:00Z,America/Los_Angeles,en-US,2024-02-14T10:00:00Z,true,active,recruiter
b1a1d1e1-3036-4000-8000-000000000336,george.nelson@mobiledev.com,George Nelson,recruiter,https://randomuser.me/api/portraits/men/124.jpg,+1-555-567-8909,2024-12-01T09:00:00Z,2024-02-15T10:00:00Z,America/New_York,en-US,2024-02-15T10:00:00Z,true,active,recruiter
b1a1d1e1-3037-4000-8000-000000000337,deborah.carter@webworks.com,Deborah Carter,recruiter,https://randomuser.me/api/portraits/women/125.jpg,+1-555-678-9020,2024-12-15T09:00:00Z,2024-02-16T10:00:00Z,America/Chicago,en-US,2024-02-16T10:00:00Z,true,active,recruiter
b1a1d1e1-3038-4000-8000-000000000338,edward.mitchell@appfactory.com,Edward Mitchell,recruiter,https://randomuser.me/api/portraits/men/126.jpg,+1-555-789-0131,2025-01-01T09:00:00Z,2024-02-17T10:00:00Z,America/Los_Angeles,en-US,2024-02-17T10:00:00Z,true,active,recruiter
b1a1d1e1-3039-4000-8000-000000000339,helen.perez@codecraft.com,Helen Perez,recruiter,https://randomuser.me/api/portraits/women/127.jpg,+1-555-890-1242,2025-01-15T09:00:00Z,2024-02-18T10:00:00Z,America/New_York,en-US,2024-02-18T10:00:00Z,true,active,recruiter
b1a1d1e1-3040-4000-8000-000000000340,jason.roberts@digitalco.com,Jason Roberts,recruiter,https://randomuser.me/api/portraits/men/128.jpg,+1-555-901-2353,2025-02-01T09:00:00Z,2024-02-19T10:00:00Z,America/Chicago,en-US,2024-02-19T10:00:00Z,true,active,recruiter
b1a1d1e1-3041-4000-8000-000000000341,sandra.turner@techflow.com,Sandra Turner,recruiter,https://randomuser.me/api/portraits/women/129.jpg,+1-555-012-3464,2025-02-15T09:00:00Z,2024-02-20T10:00:00Z,America/Los_Angeles,en-US,2024-02-20T10:00:00Z,true,active,recruiter
b1a1d1e1-3042-4000-8000-000000000342,ronald.phillips@smartsys.com,Ronald Phillips,recruiter,https://randomuser.me/api/portraits/men/130.jpg,+1-555-123-4565,2025-03-01T09:00:00Z,2024-02-21T10:00:00Z,America/New_York,en-US,2024-02-21T10:00:00Z,true,active,recruiter
b1a1d1e1-3043-4000-8000-000000000343,ashley.campbell@innovatelab.com,Ashley Campbell,recruiter,https://randomuser.me/api/portraits/women/131.jpg,+1-555-234-5677,2025-03-15T09:00:00Z,2024-02-22T10:00:00Z,America/Chicago,en-US,2024-02-22T10:00:00Z,true,active,recruiter
b1a1d1e1-3044-4000-8000-000000000344,ryan.parker@futuretech.com,Ryan Parker,recruiter,https://randomuser.me/api/portraits/men/132.jpg,+1-555-345-6788,2025-04-01T09:00:00Z,2024-02-23T10:00:00Z,America/Los_Angeles,en-US,2024-02-23T10:00:00Z,true,active,recruiter
b1a1d1e1-3045-4000-8000-000000000345,amanda.evans@nextgen.com,Amanda Evans,recruiter,https://randomuser.me/api/portraits/women/133.jpg,+1-555-456-7899,2025-04-15T09:00:00Z,2024-02-24T10:00:00Z,America/New_York,en-US,2024-02-24T10:00:00Z,true,active,recruiter
b1a1d1e1-3046-4000-8000-000000000346,justin.edwards@pioneertech.com,Justin Edwards,recruiter,https://randomuser.me/api/portraits/men/134.jpg,+1-555-567-8910,2025-05-01T09:00:00Z,2024-02-25T10:00:00Z,America/Chicago,en-US,2024-02-25T10:00:00Z,true,active,recruiter
b1a1d1e1-3047-4000-8000-000000000347,stephanie.collins@quantumco.com,Stephanie Collins,recruiter,https://randomuser.me/api/portraits/women/135.jpg,+1-555-678-9021,2025-05-15T09:00:00Z,2024-02-26T10:00:00Z,America/Los_Angeles,en-US,2024-02-26T10:00:00Z,true,active,recruiter
b1a1d1e1-3048-4000-8000-000000000348,jeremy.stewart@nanotech.com,Jeremy Stewart,recruiter,https://randomuser.me/api/portraits/men/136.jpg,+1-555-789-0132,2025-06-01T09:00:00Z,2024-02-27T10:00:00Z,America/New_York,en-US,2024-02-27T10:00:00Z,true,active,recruiter
b1a1d1e1-3049-4000-8000-000000000349,nicole.sanchez@biotech.com,Nicole Sanchez,recruiter,https://randomuser.me/api/portraits/women/137.jpg,+1-555-890-1243,2025-06-15T09:00:00Z,2024-02-28T10:00:00Z,America/Chicago,en-US,2024-02-28T10:00:00Z,true,active,recruiter
b1a1d1e1-3050-4000-8000-000000000350,brandon.morris@spacetech.com,Brandon Morris,recruiter,https://randomuser.me/api/portraits/men/138.jpg,+1-555-901-2354,2025-07-01T09:00:00Z,2025-01-01T10:00:00Z,America/Los_Angeles,en-US,2025-01-01T10:00:00Z,true,active,recruiter
b1a1d1e1-4003-4000-8000-000000000403,staff.lily@harbor.edu,Lily Evans,admin_staff,https://randomuser.me/api/portraits/women/79.jpg,+1-555-123-4573,2022-09-01T08:30:00Z,2024-01-12T09:30:00Z,America/Los_Angeles,en-US,2024-01-12T09:30:00Z,true,active,university
b1a1d1e1-5001-4000-8000-000000000501,uniadmin@ppsu.edu,PPSU University Admin,university_admin,https://randomuser.me/api/portraits/men/101.jpg,+1-555-234-5683,2020-01-01T08:00:00Z,2024-01-01T08:00:00Z,Asia/Kolkata,en-IN,2024-01-01T08:00:00Z,true,active,university
b1a1d1e1-5002-4000-8000-000000000502,uniadmin2@ppsu.edu,PPSU University Admin 2,university_admin,https://randomuser.me/api/portraits/women/102.jpg,+91-98765-43210,2020-02-01T08:00:00Z,2024-01-02T08:00:00Z,Asia/Kolkata,en-IN,2024-01-02T08:00:00Z,true,active,university
