id,project_id,student_id,course_id,title,description,course_name,team_members,student_ids,mentor,status,progress,start_date,end_date,presentation_date,tags,grade,technologies,github_url,demo_url,proposal_status,midterm_status,final_status,created_at,updated_at
40a0b2af-cbbe-42e5-80e4-73ff2b4e45a9,proj-0001,b1a1d1e1-0001-4000-8000-000000000001,160946ba-1572-4c7b-8b9b-66855cbdf457,Smart Attendance System,IoT-based attendance using facial recognition,Introduction to Programming,b1a1d1e1-0002-4000-8000-000000000002;b1a1d1e1-0003-4000-8000-000000000003,b1a1d1e1-0002-4000-8000-000000000002;b1a1d1e1-0003-4000-8000-000000000003,Dr. Lucas Evans,graded,100,2024-01-10,2024-03-10,2024-03-15,"machine-learning,automation,backend",4.0,"Python, OpenCV",https://github.com/harbor/smart-attendance,https://demo.harbor.edu/attendance,approved,approved,approved,2024-01-10Z,2024-03-10
ddccfe6e-e073-4145-9139-cb9c9c9d95e3,proj-0002,b1a1d1e1-0002-4000-8000-000000000002,b195e991-faff-4dd5-9a91-1944fb2db3d4,Thermal Efficiency Analyzer,Web app for analyzing engine efficiency,Thermodynamics,b1a1d1e1-0001-4000-8000-000000000001;b1a1d1e1-0004-4000-8000-000000000004,b1a1d1e1-0001-4000-8000-000000000001;b1a1d1e1-0004-4000-8000-000000000004,Dr. Michael Kumar,graded,100,2024-01-12,2024-03-12,2024-03-18,"frontend,web,spa",3.7,"React, Node.js",https://github.com/harbor/thermal-analyzer,https://demo.harbor.edu/thermal,approved,approved,approved,2024-01-12Z,2024-03-12
b964f7ce-ad58-4350-bd62-59920701d12a,proj-0003,b1a1d1e1-0003-4000-8000-000000000003,5a775eb4-2678-4004-9e52-0e5c37405b56,Campus Navigation App,Mobile app for campus navigation,Mobile Computing,b1a1d1e1-0004-4000-8000-000000000004;b1a1d1e1-0005-4000-8000-000000000005,b1a1d1e1-0004-4000-8000-000000000004;b1a1d1e1-0005-4000-8000-000000000005,Dr. Sarah Lee,graded,100,2024-01-14,2024-03-14,2024-03-19,"mobile,cross-platform,ui",4.0,"Flutter, Firebase",https://github.com/harbor/campus-nav,https://demo.harbor.edu/nav,approved,approved,approved,2024-01-14Z,2024-03-14
2a528521-3505-4c3b-b5df-b7e3fff80ee5,proj-0004,b1a1d1e1-0004-4000-8000-000000000004,0b2e702f-dac1-4f46-ab73-0f3cbbb62730,Library Management System,Automated library system,Database Systems,b1a1d1e1-0003-4000-8000-000000000003;b1a1d1e1-0006-4000-8000-000000000006,b1a1d1e1-0003-4000-8000-000000000003;b1a1d1e1-0006-4000-8000-000000000006,Dr. Priya Singh,graded,100,2024-01-16,2024-03-16,2024-03-21,"enterprise,backend,oop",3.7,"MySQL, Java",https://github.com/harbor/library-mgmt,https://demo.harbor.edu/library,approved,approved,approved,2024-01-16Z,2024-03-16
1a7f5907-8fab-4df0-9ee2-27a0fabab0a2,proj-0005,b1a1d1e1-0005-4000-8000-000000000005,d18a393c-432e-4571-8355-2eaf96fffd8d,Online Exam Portal,Secure online exam platform,Web Security,b1a1d1e1-0002-4000-8000-000000000002;b1a1d1e1-0007-4000-8000-000000000007,b1a1d1e1-0002-4000-8000-000000000002;b1a1d1e1-0007-4000-8000-000000000007,Dr. Michael Kumar,graded,100,2024-01-18,2024-03-18,2024-03-23,"javascript,backend,api",4.0,"Node.js, MongoDB",https://github.com/harbor/exam-portal,https://demo.harbor.edu/exam,approved,approved,approved,2024-01-18Z,2024-03-18
b788960f-12c0-42de-92c4-1e164e7a1063,proj-0006,b1a1d1e1-0006-4000-8000-000000000006,505a379d-4959-4839-9c82-d6f9e2cec942,Health Tracker,Health monitoring web app,Health Informatics,b1a1d1e1-0005-4000-8000-000000000005;b1a1d1e1-0008-4000-8000-000000000008,b1a1d1e1-0005-4000-8000-000000000005;b1a1d1e1-0008-4000-8000-000000000008,Dr. Lucas Evans,graded,100,2024-01-20,2024-03-20,2024-03-25,"frontend,web,spa",3.7,"React, Chart.js",https://github.com/harbor/health-tracker,https://demo.harbor.edu/health,approved,approved,approved,2024-01-20Z,2024-03-20
ab18eb41-e66b-4419-9793-f8361fd7f28b,proj-0007,b1a1d1e1-0007-4000-8000-000000000007,04529923-fe19-4cbc-91eb-415ef6e3850d,Smart Parking System,IoT-based parking management,Embedded Systems,b1a1d1e1-0006-4000-8000-000000000006;b1a1d1e1-0009-4000-8000-000000000009,b1a1d1e1-0006-4000-8000-000000000006;b1a1d1e1-0009-4000-8000-000000000009,Dr. Priya Singh,graded,100,2024-01-22,2024-03-22,2024-03-27,"project,academic,software",4.0,"Arduino, C++",https://github.com/harbor/parking-system,https://demo.harbor.edu/parking,approved,approved,approved,2024-01-22Z,2024-03-22
00438081-8697-4b88-b23f-9fbc190a7561,proj-0008,b1a1d1e1-0008-4000-8000-000000000008,ede3ceab-5821-420b-9584-187a3fd3f3b4,E-Learning Platform,Online learning management system,Software Engineering,b1a1d1e1-0007-4000-8000-000000000007;b1a1d1e1-0010-4000-8000-000000000010,b1a1d1e1-0007-4000-8000-000000000007;b1a1d1e1-0010-4000-8000-000000000010,Dr. Sarah Lee,graded,100,2024-01-24,2024-03-24,2024-03-29,"python,web,mvc",3.7,"Django, PostgreSQL",https://github.com/harbor/elearning,https://demo.harbor.edu/elearn,approved,approved,approved,2024-01-24Z,2024-03-24
f44addf8-81c8-4e34-ba82-68ca0cc1e68c,proj-0009,b1a1d1e1-0009-4000-8000-000000000009,a74bc1d4-71ba-4f1d-9bb4-86fe12e90fcd,Event Scheduler,Campus event scheduling app,Event Management,b1a1d1e1-0008-4000-8000-000000000008;b1a1d1e1-0011-4000-8000-000000000011,b1a1d1e1-0008-4000-8000-000000000008;b1a1d1e1-0011-4000-8000-000000000011,Dr. Michael Kumar,graded,100,2024-01-26,2024-03-26,2024-03-31,"frontend,progressive,component",4.0,"Vue.js, Firebase",https://github.com/harbor/event-scheduler,https://demo.harbor.edu/events,approved,approved,approved,2024-01-26Z,2024-03-26
6e602842-7cdf-437d-b0cd-5b17d60b07e5,proj-0010,b1a1d1e1-0010-4000-8000-000000000010,b26824d5-728f-4d27-8d70-3b2f95043eba,Inventory Tracker,Inventory management system,Operations Management,b1a1d1e1-0009-4000-8000-000000000009;b1a1d1e1-0012-4000-8000-000000000012,b1a1d1e1-0009-4000-8000-000000000009;b1a1d1e1-0012-4000-8000-000000000012,Dr. Priya Singh,graded,100,2024-01-28,2024-03-28,2024-04-02,"project,academic,software",3.7,"PHP, MySQL",https://github.com/harbor/inventory-tracker,https://demo.harbor.edu/inventory,approved,approved,approved,2024-01-28Z,2024-03-28
36c662c1-ecfc-4463-99ff-a4088e908aea,proj-0011,b1a1d1e1-0011-4000-8000-000000000011,2c046484-6596-4859-b080-fb5cd4dc8561,Social Media Analyzer,Social media analytics dashboard,Data Analytics,b1a1d1e1-0010-4000-8000-000000000010;b1a1d1e1-0013-4000-8000-000000000013,b1a1d1e1-0010-4000-8000-000000000010;b1a1d1e1-0013-4000-8000-000000000013,Dr. Lucas Evans,graded,100,2024-01-30,2024-03-30,2024-04-04,"machine-learning,automation,backend",4.0,"Python, Dash",https://github.com/harbor/social-analyzer,https://demo.harbor.edu/social,approved,approved,approved,2024-01-30Z,2024-03-30
8d5bf9a3-0301-4301-a2e5-1371a2721cd8,proj-0012,b1a1d1e1-0012-4000-8000-000000000012,3e496ded-8d23-4a0c-aeab-af88e80d0781,Campus Safety App,Safety alert mobile app,Mobile Computing,b1a1d1e1-0011-4000-8000-000000000011;b1a1d1e1-0014-4000-8000-000000000014,b1a1d1e1-0011-4000-8000-000000000011;b1a1d1e1-0014-4000-8000-000000000014,Dr. Sarah Lee,graded,100,2024-02-01,2024-04-01,2024-04-06,"project,academic,software",3.7,"Kotlin, Firebase",https://github.com/harbor/safety-app,https://demo.harbor.edu/safety,approved,approved,approved,2024-02-01Z,2024-04-01
169aab18-81df-47ed-8b6d-3b593da17da6,proj-0013,b1a1d1e1-0013-4000-8000-000000000013,00f4655f-002f-4ab8-8545-f576de026e3e,Online Voting System,Secure online voting platform,Web Security,b1a1d1e1-0012-4000-8000-000000000012;b1a1d1e1-0015-4000-8000-000000000015,b1a1d1e1-0012-4000-8000-000000000012;b1a1d1e1-0015-4000-8000-000000000015,Dr. Priya Singh,graded,100,2024-02-03,2024-04-03,2024-04-08,"javascript,backend,api",4.0,"Node.js, Express",https://github.com/harbor/voting-system,https://demo.harbor.edu/voting,approved,approved,approved,2024-02-03Z,2024-04-03
7a449346-a383-4b09-a89f-60a949fdd542,proj-0014,b1a1d1e1-0014-4000-8000-000000000014,8492db63-b8a1-4353-adc1-fdc4404eadb1,Fitness Tracker,Fitness monitoring mobile app,Health Informatics,b1a1d1e1-0013-4000-8000-000000000013;b1a1d1e1-0016-4000-8000-000000000016,b1a1d1e1-0013-4000-8000-000000000013;b1a1d1e1-0016-4000-8000-000000000016,Dr. Lucas Evans,graded,100,2024-02-05,2024-04-05,2024-04-10,"project,academic,software",3.7,"Swift, HealthKit",https://github.com/harbor/fitness-tracker,https://demo.harbor.edu/fitness,approved,approved,approved,2024-02-05Z,2024-04-05
f371c54d-9110-47f7-89ca-475f23d8861e,proj-0015,b1a1d1e1-0015-4000-8000-000000000015,eb5c5960-345f-4702-b61c-a801810e5b9d,Expense Manager,Personal expense tracking app,Finance,b1a1d1e1-0014-4000-8000-000000000014;b1a1d1e1-0017-4000-8000-000000000017,b1a1d1e1-0014-4000-8000-000000000014;b1a1d1e1-0017-4000-8000-000000000017,Dr. Priya Singh,graded,100,2024-02-07,2024-04-07,2024-04-12,"frontend,web,spa",4.0,"React Native, SQLite",https://github.com/harbor/expense-manager,https://demo.harbor.edu/expense,approved,approved,approved,2024-02-07Z,2024-04-07
48f38141-52ce-485c-9c28-3dd7c4afc8cc,proj-0016,b1a1d1e1-0016-4000-8000-000000000016,c2873369-80b2-431f-9c76-762b457dbd47,Quiz App,Online quiz application,Software Engineering,b1a1d1e1-0015-4000-8000-000000000015;b1a1d1e1-0018-4000-8000-000000000018,b1a1d1e1-0015-4000-8000-000000000015;b1a1d1e1-0018-4000-8000-000000000018,Dr. Sarah Lee,graded,100,2024-02-09,2024-04-09,2024-04-14,"project,academic,software",3.7,"Angular, Firebase",https://github.com/harbor/quiz-app,https://demo.harbor.edu/quiz,approved,approved,approved,2024-02-09Z,2024-04-09
e62c8235-e6a4-4fe5-9325-b9aa6cbec614,proj-0017,b1a1d1e1-0017-4000-8000-000000000017,ca2287b9-a3a8-4427-a85d-34101532f584,Portfolio Website,Personal portfolio website,Web Development,b1a1d1e1-0016-4000-8000-000000000016;b1a1d1e1-0019-4000-8000-000000000019,b1a1d1e1-0016-4000-8000-000000000016;b1a1d1e1-0019-4000-8000-000000000019,Dr. Lucas Evans,graded,100,2024-02-11,2024-04-11,2024-04-16,"project,academic,software",4.0,"HTML, CSS, JS",https://github.com/harbor/portfolio,https://demo.harbor.edu/portfolio,approved,approved,approved,2024-02-11Z,2024-04-11
d0113536-d7cb-43fb-a4e7-c6ac0edc3696,proj-0018,b1a1d1e1-0018-4000-8000-000000000018,82443cc3-d7e2-42bb-9cde-6af22c107c95,Chat Application,Real-time chat app,Mobile Computing,b1a1d1e1-0017-4000-8000-000000000017;b1a1d1e1-0020-4000-8000-000000000020,b1a1d1e1-0017-4000-8000-000000000017;b1a1d1e1-0020-4000-8000-000000000020,Dr. Sarah Lee,graded,100,2024-02-13,2024-04-13,2024-04-18,"frontend,web,spa",3.7,"Socket.io, React",https://github.com/harbor/chat-app,https://demo.harbor.edu/chat,approved,approved,approved,2024-02-13Z,2024-04-13
028f7906-8524-4010-81c6-9919906e4112,proj-0019,b1a1d1e1-0019-4000-8000-000000000019,7435e35b-caf8-46a5-86e6-11bd17c127d0,Weather Dashboard,Weather data visualization app,Data Analytics,b1a1d1e1-0018-4000-8000-000000000018;b1a1d1e1-0021-4000-8000-000000000021,b1a1d1e1-0018-4000-8000-000000000018;b1a1d1e1-0021-4000-8000-000000000021,Dr. Lucas Evans,graded,100,2024-02-15,2024-04-15,2024-04-20,"machine-learning,automation,backend",4.0,"Python, Plotly",https://github.com/harbor/weather-dashboard,https://demo.harbor.edu/weather,approved,approved,approved,2024-02-15Z,2024-04-15
aae86052-c43a-4822-bf90-b77651efcc20,proj-0020,b1a1d1e1-0020-4000-8000-000000000020,e5949dff-8a68-4c6e-8e0c-062c6c101b47,Recipe Finder,Recipe search and recommendation app,Software Engineering,b1a1d1e1-0019-4000-8000-000000000019;b1a1d1e1-0022-4000-8000-000000000022,b1a1d1e1-0019-4000-8000-000000000019;b1a1d1e1-0022-4000-8000-000000000022,Dr. Sarah Lee,graded,100,2024-02-17,2024-04-17,2024-04-22,"frontend,web,spa",3.7,"React, Spoonacular API",https://github.com/harbor/recipe-finder,https://demo.harbor.edu/recipe,approved,approved,approved,2024-02-17Z,2024-04-17
29406dc2-76e7-4b4f-9ed5-1607c24c3a2c,proj-0021,b1a1d1e1-0021-4000-8000-000000000021,acf8c2db-8080-4f37-8454-9a9e4c7594c1,Expense Splitter,App for splitting expenses among friends,Finance,b1a1d1e1-0020-4000-8000-000000000020;b1a1d1e1-0023-4000-8000-000000000023,b1a1d1e1-0020-4000-8000-000000000020;b1a1d1e1-0023-4000-8000-000000000023,Dr. Priya Singh,graded,100,2024-02-19,2024-04-19,2024-04-24,"frontend,progressive,component",4.0,"Vue.js, Firebase",https://github.com/harbor/expense-splitter,https://demo.harbor.edu/splitter,approved,approved,approved,2024-02-19Z,2024-04-19
e2e162ef-41c2-4358-a5b9-fe92e2d5e601,proj-0022,b1a1d1e1-0022-4000-8000-000000000022,42ad9d43-3e24-4101-b10e-f4fe756dec35,Attendance Tracker,Attendance tracking app,Introduction to Programming,b1a1d1e1-0021-4000-8000-000000000021;b1a1d1e1-0024-4000-8000-000000000024,b1a1d1e1-0021-4000-8000-000000000021;b1a1d1e1-0024-4000-8000-000000000024,Dr. Lucas Evans,graded,100,2024-02-21,2024-04-21,2024-04-26,"machine-learning,automation,backend",3.7,"Python, SQLite",https://github.com/harbor/attendance-tracker,https://demo.harbor.edu/attend,approved,approved,approved,2024-02-21Z,2024-04-21
efd76bd9-f7fa-4ecf-9b08-ee1b8a39026d,proj-0023,b1a1d1e1-0023-4000-8000-000000000023,b5837e35-007a-4c49-bb5a-eb6586062b11,Book Recommendation System,Book recommendation engine,Data Analytics,b1a1d1e1-0022-4000-8000-000000000022;b1a1d1e1-0025-4000-8000-000000000025,b1a1d1e1-0022-4000-8000-000000000022;b1a1d1e1-0025-4000-8000-000000000025,Dr. Sarah Lee,graded,100,2024-02-23,2024-04-23,2024-04-28,"machine-learning,automation,backend",4.0,"Python, Scikit-learn",https://github.com/harbor/book-recommend,https://demo.harbor.edu/books,approved,approved,approved,2024-02-23Z,2024-04-23
3a902ddf-feda-49e6-8f3f-411cab2aa2c3,proj-0024,b1a1d1e1-0024-4000-8000-000000000024,908e538c-d5a4-4319-b95c-e0e27139b3ee,Lost & Found Portal,Campus lost and found system,Web Development,b1a1d1e1-0023-4000-8000-000000000023;b1a1d1e1-0026-4000-8000-000000000026,b1a1d1e1-0023-4000-8000-000000000023;b1a1d1e1-0026-4000-8000-000000000026,Dr. Priya Singh,graded,100,2024-02-25,2024-04-25,2024-04-30,"project,academic,software",3.7,"PHP, MySQL",https://github.com/harbor/lost-found,https://demo.harbor.edu/lostfound,approved,approved,approved,2024-02-25Z,2024-04-25
42bed186-f561-4511-b167-706cbc85a140,proj-0025,b1a1d1e1-0025-4000-8000-000000000025,f367f5b5-f548-4b2e-83f9-cd8a830731e8,Quiz Generator,Automated quiz generation app,Software Engineering,b1a1d1e1-0024-4000-8000-000000000024;b1a1d1e1-0027-4000-8000-000000000027,b1a1d1e1-0024-4000-8000-000000000024;b1a1d1e1-0027-4000-8000-000000000027,Dr. Lucas Evans,graded,100,2024-02-27,2024-04-27,2024-05-02,"javascript,backend,api",4.0,"Angular, Node.js",https://github.com/harbor/quiz-generator,https://demo.harbor.edu/quizgen,approved,approved,approved,2024-02-27Z,2024-04-27
cbeb31bd-c102-4700-ad3c-52939c7d46e6,proj-0026,b1a1d1e1-0026-4000-8000-000000000026,c548540d-4c98-46cf-aed5-e2d1b21d59eb,Fitness Planner,Fitness planning and tracking app,Health Informatics,b1a1d1e1-0025-4000-8000-000000000025;b1a1d1e1-0028-4000-8000-000000000028,b1a1d1e1-0025-4000-8000-000000000025;b1a1d1e1-0028-4000-8000-000000000028,Dr. Sarah Lee,graded,100,2024-03-01,2024-05-01,2024-05-06,"frontend,web,spa",3.7,"React Native, SQLite",https://github.com/harbor/fitness-planner,https://demo.harbor.edu/fitplan,approved,approved,approved,2024-03-01Z,2024-05-01
8f7f9aae-d5e3-4fdb-988c-cc8220949333,proj-0027,b1a1d1e1-0027-4000-8000-000000000027,0a6d6307-8a19-4a44-8be6-532bda054f97,Expense Analyzer,Expense analysis dashboard,Finance,b1a1d1e1-0026-4000-8000-000000000026;b1a1d1e1-0029-4000-8000-000000000029,b1a1d1e1-0026-4000-8000-000000000026;b1a1d1e1-0029-4000-8000-000000000029,Dr. Priya Singh,graded,100,2024-03-03,2024-05-03,2024-05-08,"machine-learning,automation,backend",4.0,"Python, Dash",https://github.com/harbor/expense-analyzer,https://demo.harbor.edu/expan,approved,approved,approved,2024-03-03Z,2024-05-03
39b0eff5-72c6-4d06-bbbe-35c304a1e953,proj-0028,b1a1d1e1-0028-4000-8000-000000000028,bdc4dfd3-7d5e-42d2-9869-9411edd4cc8b,Campus Map,Interactive campus map app,Mobile Computing,b1a1d1e1-0027-4000-8000-000000000027;b1a1d1e1-0030-4000-8000-000000000030,b1a1d1e1-0027-4000-8000-000000000027;b1a1d1e1-0030-4000-8000-000000000030,Dr. Sarah Lee,graded,100,2024-03-05,2024-05-05,2024-05-10,"mobile,cross-platform,ui",3.7,"Flutter, Firebase",https://github.com/harbor/campus-map,https://demo.harbor.edu/map,approved,approved,approved,2024-03-05Z,2024-05-05
664ebe9e-0067-4286-b20c-b286626b0361,proj-0029,b1a1d1e1-0029-4000-8000-000000000029,a657e480-2205-43fb-9160-3ad892f6c1b6,Event Planner,Event planning and scheduling app,Event Management,b1a1d1e1-0028-4000-8000-000000000028;b1a1d1e1-0031-4000-8000-000000000031,b1a1d1e1-0028-4000-8000-000000000028;b1a1d1e1-0031-4000-8000-000000000031,Dr. Lucas Evans,graded,100,2024-03-07,2024-05-07,2024-05-12,"frontend,progressive,component",4.0,"Vue.js, Firebase",https://github.com/harbor/event-planner,https://demo.harbor.edu/evplan,approved,approved,approved,2024-03-07Z,2024-05-07
e889ae95-78a0-46ee-b446-6fb2374b539d,proj-0030,b1a1d1e1-0030-4000-8000-000000000030,90070ce8-e8cc-4665-8bf3-0fe27cce49ad,Inventory Manager,Inventory management dashboard,Operations Management,b1a1d1e1-0029-4000-8000-000000000029;b1a1d1e1-0032-4000-8000-000000000032,b1a1d1e1-0029-4000-8000-000000000029;b1a1d1e1-0032-4000-8000-000000000032,Dr. Priya Singh,graded,100,2024-03-09,2024-05-09,2024-05-14,"project,academic,software",3.7,"PHP, MySQL",https://github.com/harbor/inventory-manager,https://demo.harbor.edu/invman,approved,approved,approved,2024-03-09Z,2024-05-09
6acae811-0169-4c1f-b3ef-639dee3427c5,proj-0031,b1a1d1e1-0031-4000-8000-000000000031,fcd78eef-0b0c-4bf7-b482-d5776d40331d,Social Media Dashboard,Social media analytics dashboard,Data Analytics,b1a1d1e1-0030-4000-8000-000000000030;b1a1d1e1-0033-4000-8000-000000000033,b1a1d1e1-0030-4000-8000-000000000030;b1a1d1e1-0033-4000-8000-000000000033,Dr. Lucas Evans,graded,100,2024-03-11,2024-05-11,2024-05-16,"machine-learning,automation,backend",4.0,"Python, Dash",https://github.com/harbor/social-dashboard,https://demo.harbor.edu/socdash,approved,approved,approved,2024-03-11Z,2024-05-11
5538e431-ad7e-456f-ad73-e3f8d627a7e6,proj-0032,b1a1d1e1-0032-4000-8000-000000000032,48bb619f-ca84-429c-87dd-69f66b76ffcc,Campus Security App,Campus security alert app,Mobile Computing,b1a1d1e1-0031-4000-8000-000000000031;b1a1d1e1-0034-4000-8000-000000000034,b1a1d1e1-0031-4000-8000-000000000031;b1a1d1e1-0034-4000-8000-000000000034,Dr. Sarah Lee,graded,100,2024-03-13,2024-05-13,2024-05-18,"project,academic,software",3.7,"Kotlin, Firebase",https://github.com/harbor/security-app,https://demo.harbor.edu/secapp,approved,approved,approved,2024-03-13Z,2024-05-13
13f86c83-ce4d-443d-8c3c-b48c4f5328da,proj-0033,b1a1d1e1-0033-4000-8000-000000000033,b11dc10f-55b6-4ce9-ba46-b6a4775ade15,Online Polling System,Online polling platform,Web Security,b1a1d1e1-0032-4000-8000-000000000032;b1a1d1e1-0035-4000-8000-000000000035,b1a1d1e1-0032-4000-8000-000000000032;b1a1d1e1-0035-4000-8000-000000000035,Dr. Priya Singh,graded,100,2024-03-15,2024-05-15,2024-05-20,"javascript,backend,api",4.0,"Node.js, Express",https://github.com/harbor/polling-system,https://demo.harbor.edu/polling,approved,approved,approved,2024-03-15Z,2024-05-15
dd21aee7-2ff3-4868-80bf-3d0d34ecfa83,proj-0034,b1a1d1e1-0034-4000-8000-000000000034,f5008747-d345-4483-812b-908a2f9c3fa8,Fitness Monitor,Fitness monitoring dashboard,Health Informatics,b1a1d1e1-0033-4000-8000-000000000033;b1a1d1e1-0036-4000-8000-000000000036,b1a1d1e1-0033-4000-8000-000000000033;b1a1d1e1-0036-4000-8000-000000000036,Dr. Lucas Evans,graded,100,2024-03-17,2024-05-17,2024-05-22,"project,academic,software",3.7,"Swift, HealthKit",https://github.com/harbor/fitness-monitor,https://demo.harbor.edu/fitmon,approved,approved,approved,2024-03-17Z,2024-05-17
106d4ee7-9bcb-436a-83bc-341f68ec27b2,proj-0035,b1a1d1e1-0035-4000-8000-000000000035,12098868-a490-450c-bb3a-32de5eb10cd3,Expense Tracker,Expense tracking dashboard,Finance,b1a1d1e1-0034-4000-8000-000000000034;b1a1d1e1-0037-4000-8000-000000000037,b1a1d1e1-0034-4000-8000-000000000034;b1a1d1e1-0037-4000-8000-000000000037,Dr. Priya Singh,graded,100,2024-03-19,2024-05-19,2024-05-24,"frontend,web,spa",4.0,"React Native, SQLite",https://github.com/harbor/expense-tracker,https://demo.harbor.edu/exptrack,approved,approved,approved,2024-03-19Z,2024-05-19
86136b3c-d7e6-4f06-aef2-de05ad5cc90b,proj-0036,b1a1d1e1-0036-4000-8000-000000000036,91e3d419-7c44-47b4-a526-b119abc27685,Quiz Platform,Online quiz platform,Software Engineering,b1a1d1e1-0035-4000-8000-000000000035;b1a1d1e1-0038-4000-8000-000000000038,b1a1d1e1-0035-4000-8000-000000000035;b1a1d1e1-0038-4000-8000-000000000038,Dr. Sarah Lee,graded,100,2024-03-21,2024-05-21,2024-05-26,"project,academic,software",3.7,"Angular, Firebase",https://github.com/harbor/quiz-platform,https://demo.harbor.edu/quizplat,approved,approved,approved,2024-03-21Z,2024-05-21
db0df0c1-9649-402a-89f4-5881932af9d0,proj-0037,b1a1d1e1-0037-4000-8000-000000000037,fcc72df8-ecca-400c-839b-7f8f8279c595,Portfolio Builder,Portfolio website builder,Web Development,b1a1d1e1-0036-4000-8000-000000000036;b1a1d1e1-0039-4000-8000-000000000039,b1a1d1e1-0036-4000-8000-000000000036;b1a1d1e1-0039-4000-8000-000000000039,Dr. Lucas Evans,graded,100,2024-03-23,2024-05-23,2024-05-28,"project,academic,software",4.0,"HTML, CSS, JS",https://github.com/harbor/portfolio-builder,https://demo.harbor.edu/portbuild,approved,approved,approved,2024-03-23Z,2024-05-23
3650c209-651a-4465-9908-d9d3cfe10fd3,proj-0038,b1a1d1e1-0038-4000-8000-000000000038,312ecda0-6354-4a38-ba6f-a3285fa729b1,Chat Platform,Real-time chat platform,Mobile Computing,b1a1d1e1-0037-4000-8000-000000000037;b1a1d1e1-0040-4000-8000-000000000040,b1a1d1e1-0037-4000-8000-000000000037;b1a1d1e1-0040-4000-8000-000000000040,Dr. Sarah Lee,graded,100,2024-03-25,2024-05-25,2024-05-30,"frontend,web,spa",3.7,"Socket.io, React",https://github.com/harbor/chat-platform,https://demo.harbor.edu/chatplat,approved,approved,approved,2024-03-25Z,2024-05-25
acb7ce78-1fa9-4325-833a-3c0a3ae09abc,proj-0039,b1a1d1e1-0039-4000-8000-000000000039,544d77c5-0a2a-49c5-9efb-18ed140b92e9,Weather App,Weather data visualization app,Data Analytics,b1a1d1e1-0038-4000-8000-000000000038;b1a1d1e1-0041-4000-8000-000000000041,b1a1d1e1-0038-4000-8000-000000000038;b1a1d1e1-0041-4000-8000-000000000041,Dr. Lucas Evans,graded,100,2024-03-27,2024-05-27,2024-06-01,"machine-learning,automation,backend",4.0,"Python, Plotly",https://github.com/harbor/weather-app,https://demo.harbor.edu/weatherapp,approved,approved,approved,2024-03-27Z,2024-05-27
d5aeafec-9971-42cc-86f8-650194643a2d,proj-0040,b1a1d1e1-0040-4000-8000-000000000040,de1773f2-25d6-4d8a-b232-2136e56986f1,Recipe App,Recipe search and recommendation app,Software Engineering,b1a1d1e1-0039-4000-8000-000000000039;b1a1d1e1-0042-4000-8000-000000000042,b1a1d1e1-0039-4000-8000-000000000039;b1a1d1e1-0042-4000-8000-000000000042,Dr. Sarah Lee,graded,100,2024-03-29,2024-05-29,2024-06-04,"frontend,web,spa",3.7,"React, Spoonacular API",https://github.com/harbor/recipe-app,https://demo.harbor.edu/recipeapp,approved,approved,approved,2024-03-29Z,2024-05-29
4e3bff1a-9996-419a-a243-27e0277e4699,proj-0041,b1a1d1e1-0041-4000-8000-000000000041,ac26a1b1-08fc-4f1c-99db-e194f93fb41e,Expense Splitter App,App for splitting expenses among friends,Finance,b1a1d1e1-0040-4000-8000-000000000040;b1a1d1e1-0043-4000-8000-000000000043,b1a1d1e1-0040-4000-8000-000000000040;b1a1d1e1-0043-4000-8000-000000000043,Dr. Priya Singh,graded,100,2024-03-31,2024-05-31,2024-06-06,"frontend,progressive,component",4.0,"Vue.js, Firebase",https://github.com/harbor/expense-splitter-app,https://demo.harbor.edu/splitterapp,approved,approved,approved,2024-03-31Z,2024-05-31
d98b2bf6-539f-4c41-90a7-0da71d4b812a,proj-0042,b1a1d1e1-0042-4000-8000-000000000042,919f0682-07e3-43de-b4d3-05672811d30e,Attendance App,Attendance tracking app,Introduction to Programming,b1a1d1e1-0041-4000-8000-000000000041;b1a1d1e1-0044-4000-8000-000000000044,b1a1d1e1-0041-4000-8000-000000000041;b1a1d1e1-0044-4000-8000-000000000044,Dr. Lucas Evans,graded,100,2024-04-02,2024-06-01,2024-06-08,"machine-learning,automation,backend",3.7,"Python, SQLite",https://github.com/harbor/attendance-app,https://demo.harbor.edu/attendapp,approved,approved,approved,2024-04-02Z,2024-06-01
6d583dad-6eb8-4358-a2d7-efda0f4807c3,proj-0043,b1a1d1e1-0043-4000-8000-000000000043,759a9df6-9c8d-4bdb-9ebf-e977ddd6aecc,Book Recommender,Book recommendation engine,Data Analytics,b1a1d1e1-0042-4000-8000-000000000042;b1a1d1e1-0045-4000-8000-000000000045,b1a1d1e1-0042-4000-8000-000000000042;b1a1d1e1-0045-4000-8000-000000000045,Dr. Sarah Lee,graded,100,2024-04-04,2024-06-03,2024-06-10,"machine-learning,automation,backend",4.0,"Python, Scikit-learn",https://github.com/harbor/book-recommender,https://demo.harbor.edu/bookrec,approved,approved,approved,2024-04-04Z,2024-06-03
44af383c-e4d2-4fcc-b65d-66d5f24de459,proj-0044,b1a1d1e1-0044-4000-8000-000000000044,9465752d-9c7b-461f-8805-36bbe7b325c5,Lost & Found App,Campus lost and found system,Web Development,b1a1d1e1-0043-4000-8000-000000000043;b1a1d1e1-0046-4000-8000-000000000046,b1a1d1e1-0043-4000-8000-000000000043;b1a1d1e1-0046-4000-8000-000000000046,Dr. Priya Singh,graded,100,2024-04-06,2024-06-05,2024-06-12,"project,academic,software",3.7,"PHP, MySQL",https://github.com/harbor/lost-found-app,https://demo.harbor.edu/lostfoundapp,approved,approved,approved,2024-04-06Z,2024-06-05
3633a092-a70f-48e1-8cca-44de532bb3fd,proj-0045,b1a1d1e1-0045-4000-8000-000000000045,ebcd2376-ab2f-419b-94ca-96cd99d9eedb,Quiz Creator,Automated quiz creation app,Software Engineering,b1a1d1e1-0044-4000-8000-000000000044;b1a1d1e1-0047-4000-8000-000000000047,b1a1d1e1-0044-4000-8000-000000000044;b1a1d1e1-0047-4000-8000-000000000047,Dr. Lucas Evans,graded,100,2024-04-08,2024-06-07,2024-06-14,"javascript,backend,api",4.0,"Angular, Node.js",https://github.com/harbor/quiz-creator,https://demo.harbor.edu/quizcreator,approved,approved,approved,2024-04-08Z,2024-06-07
fc520a3e-0657-4270-b3a4-2170d16dca0b,proj-0046,b1a1d1e1-0046-4000-8000-000000000046,f22c10d4-0e8b-46d3-a083-234c78660151,Fitness Scheduler,Fitness scheduling and tracking app,Health Informatics,b1a1d1e1-0045-4000-8000-000000000045;b1a1d1e1-0048-4000-8000-000000000048,b1a1d1e1-0045-4000-8000-000000000045;b1a1d1e1-0048-4000-8000-000000000048,Dr. Sarah Lee,graded,100,2024-04-10,2024-06-09,2024-06-16,"frontend,web,spa",3.7,"React Native, SQLite",https://github.com/harbor/fitness-scheduler,https://demo.harbor.edu/fitsched,approved,approved,approved,2024-04-10Z,2024-06-09
65f47b2e-4442-4f9f-8f10-e08bad7ff2b1,proj-0047,b1a1d1e1-0047-4000-8000-000000000047,9dfe3cb5-7a3b-443f-8781-4c6127121717,Expense Analyzer App,Expense analysis dashboard,Finance,b1a1d1e1-0046-4000-8000-000000000046;b1a1d1e1-0049-4000-8000-000000000049,b1a1d1e1-0046-4000-8000-000000000046;b1a1d1e1-0049-4000-8000-000000000049,Dr. Priya Singh,graded,100,2024-04-12,2024-06-11,2024-06-18,"machine-learning,automation,backend",4.0,"Python, Dash",https://github.com/harbor/expense-analyzer-app,https://demo.harbor.edu/expanapp,approved,approved,approved,2024-04-12Z,2024-06-11
7d837235-4159-46d3-977c-5671dfcc8856,proj-0048,b1a1d1e1-0048-4000-8000-000000000048,f56df2b0-7db4-4c49-aeef-d13a90dc133a,Campus Map App,Interactive campus map app,Mobile Computing,b1a1d1e1-0047-4000-8000-000000000047;b1a1d1e1-0050-4000-8000-000000000050,b1a1d1e1-0047-4000-8000-000000000047;b1a1d1e1-0050-4000-8000-000000000050,Dr. Sarah Lee,graded,100,2024-04-14,2024-06-13,2024-06-20,"mobile,cross-platform,ui",3.7,"Flutter, Firebase",https://github.com/harbor/campus-map-app,https://demo.harbor.edu/mapapp,approved,approved,approved,2024-04-14Z,2024-06-13
6dd07a5f-18cb-4f27-bbfe-0c29b8e417dc,proj-0049,b1a1d1e1-0049-4000-8000-000000000049,5858a868-afba-4c7e-896c-1ab0a5e55f4d,Event Scheduler App,Event scheduling app,Event Management,b1a1d1e1-0048-4000-8000-000000000048;b1a1d1e1-0051-4000-8000-000000000051,b1a1d1e1-0048-4000-8000-000000000048;b1a1d1e1-0051-4000-8000-000000000051,Dr. Lucas Evans,graded,100,2024-04-16,2024-06-15,2024-06-22,"frontend,progressive,component",4.0,"Vue.js, Firebase",https://github.com/harbor/event-scheduler-app,https://demo.harbor.edu/evschedapp,approved,approved,approved,2024-04-16Z,2024-06-15
2a5643ed-63c5-41d6-b7a6-d47d55c50363,proj-0050,b1a1d1e1-0050-4000-8000-000000000050,76219bc1-6b1e-4605-b1b6-ec6425f7cc0a,Inventory Dashboard,Inventory dashboard app,Operations Management,b1a1d1e1-0049-4000-8000-000000000049;b1a1d1e1-0052-4000-8000-000000000052,b1a1d1e1-0049-4000-8000-000000000049;b1a1d1e1-0052-4000-8000-000000000052,Dr. Priya Singh,graded,100,2024-04-18,2024-06-17,2024-06-24,"project,academic,software",3.7,"PHP, MySQL",https://github.com/harbor/inventory-dashboard,https://demo.harbor.edu/invdash,approved,approved,approved,2024-04-18Z,2024-06-17
